Workbook
Name aporte: APP!$D$21
Name qtd_anos: APP!$D$22
Name rendimento_carteira: APP!$C$17
Name taxa_mensal: APP!$D$23

Sheet APP
B15: CONFIGURAÇÕES
B16: Salário | C16: 2000
B17: Rendimento carteira | C17: 0.006
B18: Sugestão Investimento (30%) | C18: =C16*30% -> 600
B20: INVESTIMENTO MENSAL
B21: Quanto investir por mês? | D21: 200
B22: Por quantos anos investir? | D22: 10
B23: Tava de rendimento mensal | D23: 0.01079
B24: Patromônio acumulado | D24: =FV(D23,D22*12,D21*-1) -> 48656.843
B25: Dividendos mensais | D25: =D24*C17 -> 291.94106
B27: CENÁRIOS | D27: Dividendo
B28: Quanto teria em 2 anos? | C28: =FV($D$23,2*12,$D$21*-1) -> 5445.5255 | D28: =C28*rendimento_carteira -> 32.673153
B29: Quanto teria em 5 anos? | C29: =FV($D$23,5*12,$D$21*-1) -> 16755.383 | D29: =C29*rendimento_carteira -> 100.5323
B30: Quanto teria em 10 anos? | C30: =FV($D$23,10*12,$D$21*-1) -> 48656.843 | D30: =C30*rendimento_carteira -> 291.94106
B31: Quanto teria em 20 anos? | C31: =FV($D$23,20*12,$D$21*-1) -> 225039.68 | D31: =C31*rendimento_carteira -> 1350.2381
B32: Quanto teria em 30 anos? | C32: =FV($D$23,30*12,$D$21*-1) -> 864433.93 | D32: =C32*rendimento_carteira -> 5186.6036
B35: PERFIL | C35: Conservador
B36: VALOR A SER INVESTIDO POR MÊS | C36: =aporte -> 200
B38: TIPO DE FII | C38: Percentual sugerido | D38: Valores
B39: PAPEL | C39: =VLOOKUP($C$35&"-"&B39,Controle!A2:D20,4,FALSE) -> 0.3 | D39: =$C$36*C39 -> 60
B40: TIJOLO | C40: =VLOOKUP($C$35&"-"&B40,Controle!A3:D21,4,FALSE) -> 0.5 | D40: =$C$36*C40 -> 100
B41: HÍBRIDOS | C41: =VLOOKUP($C$35&"-"&B41,Controle!A4:D22,4,FALSE) -> 0.1 | D41: =$C$36*C41 -> 20
B42: FOFs | C42: =VLOOKUP($C$35&"-"&B42,Controle!A5:D23,4,FALSE) -> 0.1 | D42: =$C$36*C42 -> 20
B43: DESENVOLVIMENTO | C43: =VLOOKUP($C$35&"-"&B43,Controle!A6:D24,4,FALSE) -> 0 | D43: =$C$36*C43 -> 0
B44: HOTELARIAS | C44: =VLOOKUP($C$35&"-"&B44,Controle!A7:D25,4,FALSE) -> 0 | D44: =$C$36*C44 -> 0
D45: =SUM(D39:D44) -> 200

Sheet Controle
A2: CHAVE | B2: PERFIL | C2: TIPO DE FII | D2: %
A3: =$B$3&"-"&C3 -> Conservador-PAPEL | B3: Conservador | C3: PAPEL | D3: 0.3
A4: =$B$3&"-"&C4 -> Conservador-TIJOLO | B4: Conservador | C4: TIJOLO | D4: 0.5
A5: =$B$3&"-"&C5 -> Conservador-HÍBRIDOS | B5: Conservador | C5: HÍBRIDOS | D5: 0.1
A6: =$B$3&"-"&C6 -> Conservador-FOFs | B6: Conservador | C6: FOFs | D6: 0.1
A7: =$B$3&"-"&C7 -> Conservador-DESENVOLVIMENTO | B7: Conservador | C7: DESENVOLVIMENTO | D7: 0
A8: =$B$3&"-"&C8 -> Conservador-HOTELARIAS | B8: Conservador | C8: HOTELARIAS | D8: 0
A9: =$B$9&"-"&C9 -> Moderado-PAPEL | B9: Moderado | C9: PAPEL | D9: 0.32
A10: =$B$9&"-"&C10 -> Moderado-TIJOLO | B10: Moderado | C10: TIJOLO | D10: 0.4
A11: =$B$9&"-"&C11 -> Moderado-HÍBRIDOS | B11: Moderado | C11: HÍBRIDOS | D11: 0.08
A12: =$B$9&"-"&C12 -> Moderado-FOFs | B12: Moderado | C12: FOFs | D12: 0.1
A13: =$B$9&"-"&C13 -> Moderado-DESENVOLVIMENTO | B13: Moderado | C13: DESENVOLVIMENTO | D13: 0.05
A14: =$B$9&"-"&C14 -> Moderado-HOTELARIAS | B14: Moderado | C14: HOTELARIAS | D14: 0.05
A15: =$B$15&"-"&C15 -> Agressivo-PAPEL | B15: Agressivo | C15: PAPEL | D15: 0.5
A16: =$B$15&"-"&C16 -> Agressivo-TIJOLO | B16: Agressivo | C16: TIJOLO | D16: 0.1
A17: =$B$15&"-"&C17 -> Agressivo-HÍBRIDOS | B17: Agressivo | C17: HÍBRIDOS | D17: 0.05
A18: =$B$15&"-"&C18 -> Agressivo-FOFs | B18: Agressivo | C18: FOFs | D18: 0.05
A19: =$B$15&"-"&C19 -> Agressivo-DESENVOLVIMENTO | B19: Agressivo | C19: DESENVOLVIMENTO | D19: 0.2
A20: =$B$15&"-"&C20 -> Agressivo-HOTELARIAS | B20: Agressivo | C20: HOTELARIAS | D20: 0.1
